id;name;created;feed_rozetka;stock
40035;*;"2023-02-06 15:18:13";0;0
44607;*;"2024-02-16 16:25:52";0;0
45977;*;"2024-04-12 15:15:38";0;0
47103;*;"2024-07-17 15:15:17";0;0
48232;*;"2024-11-05 21:39:37";0;0
48232;*;"2024-11-05 21:39:37";0;1
48232;*;"2024-11-05 21:39:37";0;2
48232;*;"2024-11-05 21:39:37";0;2
48456;*;"2024-12-04 17:58:17";0;0
48457;*;"2024-12-04 17:58:17";0;0
48458;*;"2024-12-04 17:58:17";0;0
48614;*;"2024-12-18 09:39:43";0;0
48614;*;"2024-12-18 09:39:43";0;0
49975;*;"2025-05-02 15:53:33";0;0
50164;*;"2025-05-30 17:38:03";0;1
50164;*;"2025-05-30 17:38:03";0;2
50164;*;"2025-05-30 17:38:03";0;1
50164;*;"2025-05-30 17:38:03";0;1
50269;*;"2025-06-11 19:03:52";0;0
50446;*;"2025-07-01 08:28:13";0;0
50446;*;"2025-07-01 08:28:13";0;4
50622;*;"2025-07-15 17:12:35";0;0
50622;*;"2025-07-15 17:12:35";0;0
50622;*;"2025-07-15 17:12:35";0;0
50994;*;"2025-08-06 11:14:02";1;0
49096;"Аквавзуття унісекс Arena 80431-011";"2025-02-12 11:15:17";0;0
49096;"Аквавзуття унісекс Arena 80431-011";"2025-02-12 11:15:17";0;0
49096;"Аквавзуття унісекс Arena 80431-011";"2025-02-12 11:15:17";0;0
49096;"Аквавзуття унісекс Arena 80431-011";"2025-02-12 11:15:17";0;0
49097;"Аквавзуття унісекс Arena 80431-011";"2025-02-12 11:15:17";1;0
49097;"Аквавзуття унісекс Arena 80431-011";"2025-02-12 11:15:17";1;0
49097;"Аквавзуття унісекс Arena 80431-011";"2025-02-12 11:15:17";1;0
49097;"Аквавзуття унісекс Arena 80431-011";"2025-02-12 11:15:17";1;0
49097;"Аквавзуття унісекс Arena 80431-011";"2025-02-12 11:15:17";1;0
49097;"Аквавзуття унісекс Arena 80431-011";"2025-02-12 11:15:17";1;0
49097;"Аквавзуття унісекс Arena 80431-011";"2025-02-12 11:15:17";1;0
49097;"Аквавзуття унісекс Arena 80431-011";"2025-02-12 11:15:17";1;0
50555;"Бейсболка ADIDAS AEROREADY 3-STRIPES GM6278";"2025-07-15 15:59:02";0;0
50555;"Бейсболка ADIDAS AEROREADY 3-STRIPES GM6278";"2025-07-15 15:59:02";0;0
50937;"Бейсболка ADIDAS AEROREADY 3-STRIPES GM6278 ";"2025-08-01 13:03:51";1;1
50937;"Бейсболка ADIDAS AEROREADY 3-STRIPES GM6278 ";"2025-08-01 13:03:51";1;2
46310;"Бейсболка FILA 127038";"2024-05-29 14:44:46";0;0
50115;"Бейсболка FILA 127038 ";"2025-05-19 15:01:17";1;6
46038;"Бейсболка Kappa 125113";"2024-04-17 16:06:13";0;0
50112;"Бейсболка KAPPA 125113";"2025-05-19 15:01:17";1;1
50334;"Брюки жіночі ADIDAS ADIBREAK IU2519 ";"2025-06-30 13:24:39";0;0
50334;"Брюки жіночі ADIDAS ADIBREAK IU2519 ";"2025-06-30 13:24:39";0;0
50334;"Брюки жіночі ADIDAS ADIBREAK IU2519 ";"2025-06-30 13:24:39";0;0
50334;"Брюки жіночі ADIDAS ADIBREAK IU2519 ";"2025-06-30 13:24:39";0;0
54169;"Брюки жіночі ADIDAS Adibreak IU2519";"2025-12-25 15:41:14";1;1
54169;"Брюки жіночі ADIDAS Adibreak IU2519";"2025-12-25 15:41:14";1;1
54169;"Брюки жіночі ADIDAS Adibreak IU2519";"2025-12-25 15:41:14";1;2
53582;"Брюки жіночі ADIDAS adidas Z.N.E. JE7843";"2025-10-24 11:26:07";0;0
53582;"Брюки жіночі ADIDAS adidas Z.N.E. JE7843";"2025-10-24 11:26:07";0;1
53582;"Брюки жіночі ADIDAS adidas Z.N.E. JE7843";"2025-10-24 11:26:07";0;2
53582;"Брюки жіночі ADIDAS adidas Z.N.E. JE7843";"2025-10-24 11:26:07";0;0
54317;"Брюки жіночі ADIDAS adidas Z.N.E. JE7843";"2026-01-16 11:14:19";1;2
54317;"Брюки жіночі ADIDAS adidas Z.N.E. JE7843";"2026-01-16 11:14:19";1;1
54317;"Брюки жіночі ADIDAS adidas Z.N.E. JE7843";"2026-01-16 11:14:19";1;1
54317;"Брюки жіночі ADIDAS adidas Z.N.E. JE7843";"2026-01-16 11:14:19";1;0
54317;"Брюки жіночі ADIDAS adidas Z.N.E. JE7843";"2026-01-16 11:14:19";1;0
53914;"Брюки Жіночі широкі Columbia ROC™ 2135821";"2025-12-04 10:36:23";0;10
53914;"Брюки Жіночі широкі Columbia ROC™ 2135821";"2025-12-04 10:36:23";0;4
53914;"Брюки Жіночі широкі Columbia ROC™ 2135821";"2025-12-04 10:36:23";0;9
53914;"Брюки Жіночі широкі Columbia ROC™ 2135821";"2025-12-04 10:36:23";0;10
53914;"Брюки Жіночі широкі Columbia ROC™ 2135821";"2025-12-04 10:36:23";0;7
54202;"Брюки Жіночі широкі Columbia ROC™ 2135821";"2026-01-05 18:01:06";1;5
54202;"Брюки Жіночі широкі Columbia ROC™ 2135821";"2026-01-05 18:01:06";1;7
54202;"Брюки Жіночі широкі Columbia ROC™ 2135821";"2026-01-05 18:01:06";1;5
54202;"Брюки Жіночі широкі Columbia ROC™ 2135821";"2026-01-05 18:01:06";1;5
54202;"Брюки Жіночі широкі Columbia ROC™ 2135821";"2026-01-05 18:01:06";1;8
50670;"Брюки чоловічі ADIDAS FUTURE ICONS 3-STRIPES JD4863";"2025-07-16 14:29:35";0;0
50670;"Брюки чоловічі ADIDAS FUTURE ICONS 3-STRIPES JD4863";"2025-07-16 14:29:35";0;0
50670;"Брюки чоловічі ADIDAS FUTURE ICONS 3-STRIPES JD4863";"2025-07-16 14:29:35";0;0
54234;"Брюки чоловічі ADIDAS Future Icons 3-Stripes JD4863";"2026-01-07 17:55:46";1;2
54234;"Брюки чоловічі ADIDAS Future Icons 3-Stripes JD4863";"2026-01-07 17:55:46";1;1
54234;"Брюки чоловічі ADIDAS Future Icons 3-Stripes JD4863";"2026-01-07 17:55:46";1;0
54234;"Брюки чоловічі ADIDAS Future Icons 3-Stripes JD4863";"2026-01-07 17:55:46";1;1
54234;"Брюки чоловічі ADIDAS Future Icons 3-Stripes JD4863";"2026-01-07 17:55:46";1;2
54234;"Брюки чоловічі ADIDAS Future Icons 3-Stripes JD4863";"2026-01-07 17:55:46";1;2
54234;"Брюки чоловічі ADIDAS Future Icons 3-Stripes JD4863";"2026-01-07 17:55:46";1;2
53915;"Джемпер Жіночий флісовий Columbia Sequoia Grove™ 2085311";"2025-12-04 10:37:00";0;0
53915;"Джемпер Жіночий флісовий Columbia Sequoia Grove™ 2085311";"2025-12-04 10:37:00";0;0
53915;"Джемпер Жіночий флісовий Columbia Sequoia Grove™ 2085311";"2025-12-04 10:37:00";0;2
53915;"Джемпер Жіночий флісовий Columbia Sequoia Grove™ 2085311";"2025-12-04 10:37:00";0;2
54203;"Джемпер Жіночий флісовий Columbia Sequoia Grove™ 2085311";"2026-01-05 18:01:44";1;13
54203;"Джемпер Жіночий флісовий Columbia Sequoia Grove™ 2085311";"2026-01-05 18:01:44";1;13
54203;"Джемпер Жіночий флісовий Columbia Sequoia Grove™ 2085311";"2026-01-05 18:01:44";1;14
54203;"Джемпер Жіночий флісовий Columbia Sequoia Grove™ 2085311";"2026-01-05 18:01:44";1;7
54203;"Джемпер Жіночий флісовий Columbia Sequoia Grove™ 2085311";"2026-01-05 18:01:44";1;0
54203;"Джемпер Жіночий флісовий Columbia Sequoia Grove™ 2085311";"2026-01-05 18:01:44";1;1
54203;"Джемпер Жіночий флісовий Columbia Sequoia Grove™ 2085311";"2026-01-05 18:01:44";1;1
53916;"Джемпер чоловічий Columbia Beaumount™ Hoodie 2126381";"2025-12-04 10:37:01";0;8
53916;"Джемпер чоловічий Columbia Beaumount™ Hoodie 2126381";"2025-12-04 10:37:01";0;11
53916;"Джемпер чоловічий Columbia Beaumount™ Hoodie 2126381";"2025-12-04 10:37:01";0;9
53916;"Джемпер чоловічий Columbia Beaumount™ Hoodie 2126381";"2025-12-04 10:37:01";0;12
53916;"Джемпер чоловічий Columbia Beaumount™ Hoodie 2126381";"2025-12-04 10:37:01";0;5
53916;"Джемпер чоловічий Columbia Beaumount™ Hoodie 2126381";"2025-12-04 10:37:01";0;7
53916;"Джемпер чоловічий Columbia Beaumount™ Hoodie 2126381";"2025-12-04 10:37:01";0;9
53916;"Джемпер чоловічий Columbia Beaumount™ Hoodie 2126381";"2025-12-04 10:37:01";0;13
53916;"Джемпер чоловічий Columbia Beaumount™ Hoodie 2126381";"2025-12-04 10:37:01";0;5
53916;"Джемпер чоловічий Columbia Beaumount™ Hoodie 2126381";"2025-12-04 10:37:01";0;4
54204;"Джемпер чоловічий Columbia Beaumount™ Hoodie 2126381";"2026-01-05 18:01:46";1;15
54204;"Джемпер чоловічий Columbia Beaumount™ Hoodie 2126381";"2026-01-05 18:01:46";1;10
54204;"Джемпер чоловічий Columbia Beaumount™ Hoodie 2126381";"2026-01-05 18:01:46";1;7
54204;"Джемпер чоловічий Columbia Beaumount™ Hoodie 2126381";"2026-01-05 18:01:46";1;5
54204;"Джемпер чоловічий Columbia Beaumount™ Hoodie 2126381";"2026-01-05 18:01:46";1;5
54204;"Джемпер чоловічий Columbia Beaumount™ Hoodie 2126381";"2026-01-05 18:01:46";1;5
54204;"Джемпер чоловічий Columbia Beaumount™ Hoodie 2126381";"2026-01-05 18:01:46";1;10
54204;"Джемпер чоловічий Columbia Beaumount™ Hoodie 2126381";"2026-01-05 18:01:46";1;5
54204;"Джемпер чоловічий Columbia Beaumount™ Hoodie 2126381";"2026-01-05 18:01:46";1;5
54204;"Джемпер чоловічий Columbia Beaumount™ Hoodie 2126381";"2026-01-05 18:01:46";1;5
47483;"Жилет утеплений чоловічий Columbia Powder Lite™ II Vest 2086971";"2024-08-23 14:07:15";0;0
47483;"Жилет утеплений чоловічий Columbia Powder Lite™ II Vest 2086971";"2024-08-23 14:07:15";0;0
47483;"Жилет утеплений чоловічий Columbia Powder Lite™ II Vest 2086971";"2024-08-23 14:07:15";0;5
47483;"Жилет утеплений чоловічий Columbia Powder Lite™ II Vest 2086971";"2024-08-23 14:07:15";0;0
47483;"Жилет утеплений чоловічий Columbia Powder Lite™ II Vest 2086971";"2024-08-23 14:07:15";0;1
47483;"Жилет утеплений чоловічий Columbia Powder Lite™ II Vest 2086971";"2024-08-23 14:07:15";0;1
47483;"Жилет утеплений чоловічий Columbia Powder Lite™ II Vest 2086971";"2024-08-23 14:07:15";0;0
47483;"Жилет утеплений чоловічий Columbia Powder Lite™ II Vest 2086971";"2024-08-23 14:07:15";0;0
47483;"Жилет утеплений чоловічий Columbia Powder Lite™ II Vest 2086971";"2024-08-23 14:07:15";0;0
47483;"Жилет утеплений чоловічий Columbia Powder Lite™ II Vest 2086971";"2024-08-23 14:07:15";0;0
52992;"Жилет утеплений чоловічий Columbia Powder Lite™ II Vest 2086971";"2025-09-04 10:34:22";1;2
52992;"Жилет утеплений чоловічий Columbia Powder Lite™ II Vest 2086971";"2025-09-04 10:34:22";1;6
52992;"Жилет утеплений чоловічий Columbia Powder Lite™ II Vest 2086971";"2025-09-04 10:34:22";1;7
52992;"Жилет утеплений чоловічий Columbia Powder Lite™ II Vest 2086971";"2025-09-04 10:34:22";1;3
50559;"Жилет чоловічий ADIDAS ESSENTIALS GH4584 ";"2025-07-15 15:59:28";0;0
50559;"Жилет чоловічий ADIDAS ESSENTIALS GH4584 ";"2025-07-15 15:59:28";0;1
50559;"Жилет чоловічий ADIDAS ESSENTIALS GH4584 ";"2025-07-15 15:59:28";0;0
53623;"Жилет чоловічий ADIDAS Essentials GH4584";"2025-10-30 15:31:12";1;0
53623;"Жилет чоловічий ADIDAS Essentials GH4584";"2025-10-30 15:31:12";1;0
53623;"Жилет чоловічий ADIDAS Essentials GH4584";"2025-10-30 15:31:12";1;0
48013;"Кальсони чоловічі Columbia Omni-Heat Infinity Tights 2012391";"2024-10-18 15:18:40";0;0
48013;"Кальсони чоловічі Columbia Omni-Heat Infinity Tights 2012391";"2024-10-18 15:18:40";0;0
48013;"Кальсони чоловічі Columbia Omni-Heat Infinity Tights 2012391";"2024-10-18 15:18:40";0;1
48013;"Кальсони чоловічі Columbia Omni-Heat Infinity Tights 2012391";"2024-10-18 15:18:40";0;0
48013;"Кальсони чоловічі Columbia Omni-Heat Infinity Tights 2012391";"2024-10-18 15:18:40";0;0
54610;"Кальсони чоловічі Columbia Omni-Heat Infinity Tights 2012391";"2026-02-10 12:59:41";1;4
54610;"Кальсони чоловічі Columbia Omni-Heat Infinity Tights 2012391";"2026-02-10 12:59:41";1;1
54610;"Кальсони чоловічі Columbia Omni-Heat Infinity Tights 2012391";"2026-02-10 12:59:41";1;4
54610;"Кальсони чоловічі Columbia Omni-Heat Infinity Tights 2012391";"2026-02-10 12:59:41";1;3
54610;"Кальсони чоловічі Columbia Omni-Heat Infinity Tights 2012391";"2026-02-10 12:59:41";1;1
54610;"Кальсони чоловічі Columbia Omni-Heat Infinity Tights 2012391";"2026-02-10 12:59:41";1;3
40055;"Кеди чоловічі ADIDAS ADVANTAGE BASE EE7690";"2023-02-16 15:08:41";0;1
40055;"Кеди чоловічі ADIDAS ADVANTAGE BASE EE7690";"2023-02-16 15:08:41";0;0
40055;"Кеди чоловічі ADIDAS ADVANTAGE BASE EE7690";"2023-02-16 15:08:41";0;0
40055;"Кеди чоловічі ADIDAS ADVANTAGE BASE EE7690";"2023-02-16 15:08:41";0;0
40055;"Кеди чоловічі ADIDAS ADVANTAGE BASE EE7690";"2023-02-16 15:08:41";0;0
40055;"Кеди чоловічі ADIDAS ADVANTAGE BASE EE7690";"2023-02-16 15:08:41";0;0
40055;"Кеди чоловічі ADIDAS ADVANTAGE BASE EE7690";"2023-02-16 15:08:41";0;0
40055;"Кеди чоловічі ADIDAS ADVANTAGE BASE EE7690";"2023-02-16 15:08:41";0;1
40055;"Кеди чоловічі ADIDAS ADVANTAGE BASE EE7690";"2023-02-16 15:08:41";0;1
40055;"Кеди чоловічі ADIDAS ADVANTAGE BASE EE7690";"2023-02-16 15:08:41";0;1
40055;"Кеди чоловічі ADIDAS ADVANTAGE BASE EE7690";"2023-02-16 15:08:41";0;0
40055;"Кеди чоловічі ADIDAS ADVANTAGE BASE EE7690";"2023-02-16 15:08:41";0;1
44426;"Кеди чоловічі Adidas Advantage Base EE7690";"2024-01-18 14:21:55";0;1
44426;"Кеди чоловічі Adidas Advantage Base EE7690";"2024-01-18 14:21:55";0;0
44426;"Кеди чоловічі Adidas Advantage Base EE7690";"2024-01-18 14:21:55";0;0
44426;"Кеди чоловічі Adidas Advantage Base EE7690";"2024-01-18 14:21:55";0;0
44426;"Кеди чоловічі Adidas Advantage Base EE7690";"2024-01-18 14:21:55";0;0
44426;"Кеди чоловічі Adidas Advantage Base EE7690";"2024-01-18 14:21:55";0;0
44426;"Кеди чоловічі Adidas Advantage Base EE7690";"2024-01-18 14:21:55";0;0
44426;"Кеди чоловічі Adidas Advantage Base EE7690";"2024-01-18 14:21:55";0;0
44426;"Кеди чоловічі Adidas Advantage Base EE7690";"2024-01-18 14:21:55";0;0
48986;"Кеди чоловічі ADIDAS ADVANTAGE BASE EE7690";"2025-02-07 13:29:22";1;2
48986;"Кеди чоловічі ADIDAS ADVANTAGE BASE EE7690";"2025-02-07 13:29:22";1;1
44429;"Костюм чоловічий ADIDAS ESSENTIALS 3-STRIPES GK9651";"2024-01-18 14:21:56";0;0
44429;"Костюм чоловічий ADIDAS ESSENTIALS 3-STRIPES GK9651";"2024-01-18 14:21:56";0;0
44429;"Костюм чоловічий ADIDAS ESSENTIALS 3-STRIPES GK9651";"2024-01-18 14:21:56";0;0
44429;"Костюм чоловічий ADIDAS ESSENTIALS 3-STRIPES GK9651";"2024-01-18 14:21:56";0;0
44429;"Костюм чоловічий ADIDAS ESSENTIALS 3-STRIPES GK9651";"2024-01-18 14:21:56";0;0
44429;"Костюм чоловічий ADIDAS ESSENTIALS 3-STRIPES GK9651";"2024-01-18 14:21:56";0;0
44429;"Костюм чоловічий ADIDAS ESSENTIALS 3-STRIPES GK9651";"2024-01-18 14:21:56";0;0
50564;"Костюм чоловічий ADIDAS ESSENTIALS 3-STRIPES GK9651";"2025-07-15 15:59:36";0;0
50564;"Костюм чоловічий ADIDAS ESSENTIALS 3-STRIPES GK9651";"2025-07-15 15:59:36";0;0
50564;"Костюм чоловічий ADIDAS ESSENTIALS 3-STRIPES GK9651";"2025-07-15 15:59:36";0;0
50564;"Костюм чоловічий ADIDAS ESSENTIALS 3-STRIPES GK9651";"2025-07-15 15:59:36";0;0
50564;"Костюм чоловічий ADIDAS ESSENTIALS 3-STRIPES GK9651";"2025-07-15 15:59:36";0;0
50564;"Костюм чоловічий ADIDAS ESSENTIALS 3-STRIPES GK9651";"2025-07-15 15:59:36";0;0
53090;"Костюм чоловічий ADIDAS Essentials 3-Stripes GK9651";"2025-09-12 12:59:58";1;0
53090;"Костюм чоловічий ADIDAS Essentials 3-Stripes GK9651";"2025-09-12 12:59:58";1;0
53090;"Костюм чоловічий ADIDAS Essentials 3-Stripes GK9651";"2025-09-12 12:59:58";1;0
53090;"Костюм чоловічий ADIDAS Essentials 3-Stripes GK9651";"2025-09-12 12:59:58";1;0
53090;"Костюм чоловічий ADIDAS Essentials 3-Stripes GK9651";"2025-09-12 12:59:58";1;2
53090;"Костюм чоловічий ADIDAS Essentials 3-Stripes GK9651";"2025-09-12 12:59:58";1;0
53090;"Костюм чоловічий ADIDAS Essentials 3-Stripes GK9651";"2025-09-12 12:59:58";1;0
44431;"Костюм чоловічий ADIDAS ESSENTIALS 3-STRIPES GK9658";"2024-01-18 14:21:56";0;0
44431;"Костюм чоловічий ADIDAS ESSENTIALS 3-STRIPES GK9658";"2024-01-18 14:21:56";0;0
44431;"Костюм чоловічий ADIDAS ESSENTIALS 3-STRIPES GK9658";"2024-01-18 14:21:56";0;0
44431;"Костюм чоловічий ADIDAS ESSENTIALS 3-STRIPES GK9658";"2024-01-18 14:21:56";0;0
44431;"Костюм чоловічий ADIDAS ESSENTIALS 3-STRIPES GK9658";"2024-01-18 14:21:56";0;0
44431;"Костюм чоловічий ADIDAS ESSENTIALS 3-STRIPES GK9658";"2024-01-18 14:21:56";0;0
53091;"Костюм чоловічий ADIDAS Essentials 3-Stripes GK9658";"2025-09-12 12:59:59";1;1
53091;"Костюм чоловічий ADIDAS Essentials 3-Stripes GK9658";"2025-09-12 12:59:59";1;0
53091;"Костюм чоловічий ADIDAS Essentials 3-Stripes GK9658";"2025-09-12 12:59:59";1;0
53091;"Костюм чоловічий ADIDAS Essentials 3-Stripes GK9658";"2025-09-12 12:59:59";1;0
53091;"Костюм чоловічий ADIDAS Essentials 3-Stripes GK9658";"2025-09-12 12:59:59";1;0
53091;"Костюм чоловічий ADIDAS Essentials 3-Stripes GK9658";"2025-09-12 12:59:59";1;0
50567;"Костюм чоловічий ADIDAS ESSENTIALS 3-STRIPES HT6650 ";"2025-07-15 15:59:37";0;0
50567;"Костюм чоловічий ADIDAS ESSENTIALS 3-STRIPES HT6650 ";"2025-07-15 15:59:37";0;0
50567;"Костюм чоловічий ADIDAS ESSENTIALS 3-STRIPES HT6650 ";"2025-07-15 15:59:37";0;0
50567;"Костюм чоловічий ADIDAS ESSENTIALS 3-STRIPES HT6650 ";"2025-07-15 15:59:37";0;1
50567;"Костюм чоловічий ADIDAS ESSENTIALS 3-STRIPES HT6650 ";"2025-07-15 15:59:37";0;0
50567;"Костюм чоловічий ADIDAS ESSENTIALS 3-STRIPES HT6650 ";"2025-07-15 15:59:37";0;0
53095;"Костюм чоловічий ADIDAS Essentials 3-Stripes HT6650";"2025-09-12 13:00:00";1;1
53095;"Костюм чоловічий ADIDAS Essentials 3-Stripes HT6650";"2025-09-12 13:00:00";1;0
53095;"Костюм чоловічий ADIDAS Essentials 3-Stripes HT6650";"2025-09-12 13:00:00";1;0
53095;"Костюм чоловічий ADIDAS Essentials 3-Stripes HT6650";"2025-09-12 13:00:00";1;0
53095;"Костюм чоловічий ADIDAS Essentials 3-Stripes HT6650";"2025-09-12 13:00:00";1;0
53095;"Костюм чоловічий ADIDAS Essentials 3-Stripes HT6650";"2025-09-12 13:00:00";1;1
53095;"Костюм чоловічий ADIDAS Essentials 3-Stripes HT6650";"2025-09-12 13:00:00";1;0
50365;"Кросівки жіночі ADIDAS LIGHTBLAZE JH6962 ";"2025-06-30 13:25:22";0;0
50365;"Кросівки жіночі ADIDAS LIGHTBLAZE JH6962 ";"2025-06-30 13:25:22";0;0
50365;"Кросівки жіночі ADIDAS LIGHTBLAZE JH6962 ";"2025-06-30 13:25:22";0;1
50365;"Кросівки жіночі ADIDAS LIGHTBLAZE JH6962 ";"2025-06-30 13:25:22";0;0
54238;"Кросівки жіночі ADIDAS Lightblaze JH6962";"2026-01-07 17:56:07";1;1
54238;"Кросівки жіночі ADIDAS Lightblaze JH6962";"2026-01-07 17:56:07";1;1
54238;"Кросівки жіночі ADIDAS Lightblaze JH6962";"2026-01-07 17:56:07";1;0
54238;"Кросівки жіночі ADIDAS Lightblaze JH6962";"2026-01-07 17:56:07";1;0
54238;"Кросівки жіночі ADIDAS Lightblaze JH6962";"2026-01-07 17:56:07";1;0
54238;"Кросівки жіночі ADIDAS Lightblaze JH6962";"2026-01-07 17:56:07";1;1
54238;"Кросівки жіночі ADIDAS Lightblaze JH6962";"2026-01-07 17:56:07";1;1
54238;"Кросівки жіночі ADIDAS Lightblaze JH6962";"2026-01-07 17:56:07";1;1
44753;"Кросівки жіночі Columbia DRAINMAKER™ XTR 2062521";"2024-03-01 13:53:56";0;2
44753;"Кросівки жіночі Columbia DRAINMAKER™ XTR 2062521";"2024-03-01 13:53:56";0;1
44753;"Кросівки жіночі Columbia DRAINMAKER™ XTR 2062521";"2024-03-01 13:53:56";0;2
44753;"Кросівки жіночі Columbia DRAINMAKER™ XTR 2062521";"2024-03-01 13:53:56";0;0
44753;"Кросівки жіночі Columbia DRAINMAKER™ XTR 2062521";"2024-03-01 13:53:56";0;0
44753;"Кросівки жіночі Columbia DRAINMAKER™ XTR 2062521";"2024-03-01 13:53:56";0;0
44753;"Кросівки жіночі Columbia DRAINMAKER™ XTR 2062521";"2024-03-01 13:53:56";0;0
44753;"Кросівки жіночі Columbia DRAINMAKER™ XTR 2062521";"2024-03-01 13:53:56";0;1
44753;"Кросівки жіночі Columbia DRAINMAKER™ XTR 2062521";"2024-03-01 13:53:56";0;0
44753;"Кросівки жіночі Columbia DRAINMAKER™ XTR 2062521";"2024-03-01 13:53:56";0;1
49310;"Кросівки жіночі Columbia Drainmaker™ XTR 2062521";"2025-02-28 12:32:01";1;0
49310;"Кросівки жіночі Columbia Drainmaker™ XTR 2062521";"2025-02-28 12:32:01";1;0
49310;"Кросівки жіночі Columbia Drainmaker™ XTR 2062521";"2025-02-28 12:32:01";1;0
49310;"Кросівки жіночі Columbia Drainmaker™ XTR 2062521";"2025-02-28 12:32:01";1;0
49310;"Кросівки жіночі Columbia Drainmaker™ XTR 2062521";"2025-02-28 12:32:01";1;0
49310;"Кросівки жіночі Columbia Drainmaker™ XTR 2062521";"2025-02-28 12:32:01";1;2
49310;"Кросівки жіночі Columbia Drainmaker™ XTR 2062521";"2025-02-28 12:32:01";1;0
49310;"Кросівки жіночі Columbia Drainmaker™ XTR 2062521";"2025-02-28 12:32:01";1;0
49310;"Кросівки жіночі Columbia Drainmaker™ XTR 2062521";"2025-02-28 12:32:01";1;0
49310;"Кросівки жіночі Columbia Drainmaker™ XTR 2062521";"2025-02-28 12:32:01";1;0
49310;"Кросівки жіночі Columbia Drainmaker™ XTR 2062521";"2025-02-28 12:32:01";1;3
49310;"Кросівки жіночі Columbia Drainmaker™ XTR 2062521";"2025-02-28 12:32:01";1;0
49310;"Кросівки жіночі Columbia Drainmaker™ XTR 2062521";"2025-02-28 12:32:01";1;1
49310;"Кросівки жіночі Columbia Drainmaker™ XTR 2062521";"2025-02-28 12:32:01";1;2
49310;"Кросівки жіночі Columbia Drainmaker™ XTR 2062521";"2025-02-28 12:32:01";1;0
49310;"Кросівки жіночі Columbia Drainmaker™ XTR 2062521";"2025-02-28 12:32:01";1;1
47459;"Кросівки жіночі FILA Escape 118492";"2024-08-21 14:39:31";0;0
47459;"Кросівки жіночі FILA Escape 118492";"2024-08-21 14:39:31";0;0
47459;"Кросівки жіночі FILA Escape 118492";"2024-08-21 14:39:31";0;0
47459;"Кросівки жіночі FILA Escape 118492";"2024-08-21 14:39:31";0;0
47459;"Кросівки жіночі FILA Escape 118492";"2024-08-21 14:39:31";0;0
47459;"Кросівки жіночі FILA Escape 118492";"2024-08-21 14:39:31";0;0
47635;"Кросівки жіночі FILA Escape 118492";"2024-09-13 13:38:00";0;0
47635;"Кросівки жіночі FILA Escape 118492";"2024-09-13 13:38:00";0;0
47635;"Кросівки жіночі FILA Escape 118492";"2024-09-13 13:38:00";0;0
47635;"Кросівки жіночі FILA Escape 118492";"2024-09-13 13:38:00";0;0
47635;"Кросівки жіночі FILA Escape 118492";"2024-09-13 13:38:00";0;0
47635;"Кросівки жіночі FILA Escape 118492";"2024-09-13 13:38:00";0;0
47635;"Кросівки жіночі FILA Escape 118492";"2024-09-13 13:38:00";0;0
47635;"Кросівки жіночі FILA Escape 118492";"2024-09-13 13:38:00";0;1
47635;"Кросівки жіночі FILA Escape 118492";"2024-09-13 13:38:00";0;0
47635;"Кросівки жіночі FILA Escape 118492";"2024-09-13 13:38:00";0;0
47635;"Кросівки жіночі FILA Escape 118492";"2024-09-13 13:38:00";0;0
47635;"Кросівки жіночі FILA Escape 118492";"2024-09-13 13:38:00";0;0
49202;"Кросівки жіночі Fila Escape 118492";"2025-02-20 12:30:59";1;0
49202;"Кросівки жіночі Fila Escape 118492";"2025-02-20 12:30:59";1;2
49202;"Кросівки жіночі Fila Escape 118492";"2025-02-20 12:30:59";1;0
49202;"Кросівки жіночі Fila Escape 118492";"2025-02-20 12:30:59";1;0
49202;"Кросівки жіночі Fila Escape 118492";"2025-02-20 12:30:59";1;0
49202;"Кросівки жіночі Fila Escape 118492";"2025-02-20 12:30:59";1;0
48887;"Кросівки жіночі Puma Cilia Mode 37112502";"2025-01-23 14:47:54";0;0
48887;"Кросівки жіночі Puma Cilia Mode 37112502";"2025-01-23 14:47:54";0;0
48887;"Кросівки жіночі Puma Cilia Mode 37112502";"2025-01-23 14:47:54";0;0
48887;"Кросівки жіночі Puma Cilia Mode 37112502";"2025-01-23 14:47:54";0;0
48887;"Кросівки жіночі Puma Cilia Mode 37112502";"2025-01-23 14:47:54";0;0
48887;"Кросівки жіночі Puma Cilia Mode 37112502";"2025-01-23 14:47:54";0;0
48887;"Кросівки жіночі Puma Cilia Mode 37112502";"2025-01-23 14:47:54";0;0
48887;"Кросівки жіночі Puma Cilia Mode 37112502";"2025-01-23 14:47:54";0;0
48887;"Кросівки жіночі Puma Cilia Mode 37112502";"2025-01-23 14:47:54";0;0
50713;"Кросівки жіночі PUMA CILIA MODE 37112502 ";"2025-07-24 15:04:46";1;2
50713;"Кросівки жіночі PUMA CILIA MODE 37112502 ";"2025-07-24 15:04:46";1;0
50713;"Кросівки жіночі PUMA CILIA MODE 37112502 ";"2025-07-24 15:04:46";1;0
50713;"Кросівки жіночі PUMA CILIA MODE 37112502 ";"2025-07-24 15:04:46";1;0
50713;"Кросівки жіночі PUMA CILIA MODE 37112502 ";"2025-07-24 15:04:46";1;0
50713;"Кросівки жіночі PUMA CILIA MODE 37112502 ";"2025-07-24 15:04:46";1;0
50713;"Кросівки жіночі PUMA CILIA MODE 37112502 ";"2025-07-24 15:04:46";1;0
50713;"Кросівки жіночі PUMA CILIA MODE 37112502 ";"2025-07-24 15:04:46";1;0
50678;"Кросівки чоловічі ADIDAS CRAZYCHAOS 2000 IG4351 ";"2025-07-16 14:30:34";0;0
50678;"Кросівки чоловічі ADIDAS CRAZYCHAOS 2000 IG4351 ";"2025-07-16 14:30:34";0;1
50678;"Кросівки чоловічі ADIDAS CRAZYCHAOS 2000 IG4351 ";"2025-07-16 14:30:34";0;0
50678;"Кросівки чоловічі ADIDAS CRAZYCHAOS 2000 IG4351 ";"2025-07-16 14:30:34";0;0
50678;"Кросівки чоловічі ADIDAS CRAZYCHAOS 2000 IG4351 ";"2025-07-16 14:30:34";0;0
54322;"Кросівки чоловічі ADIDAS Crazychaos 2000 IG4351";"2026-01-16 11:14:35";1;1
54322;"Кросівки чоловічі ADIDAS Crazychaos 2000 IG4351";"2026-01-16 11:14:35";1;1
54322;"Кросівки чоловічі ADIDAS Crazychaos 2000 IG4351";"2026-01-16 11:14:35";1;1
54322;"Кросівки чоловічі ADIDAS Crazychaos 2000 IG4351";"2026-01-16 11:14:35";1;0
54322;"Кросівки чоловічі ADIDAS Crazychaos 2000 IG4351";"2026-01-16 11:14:35";1;0
54322;"Кросівки чоловічі ADIDAS Crazychaos 2000 IG4351";"2026-01-16 11:14:35";1;0
54322;"Кросівки чоловічі ADIDAS Crazychaos 2000 IG4351";"2026-01-16 11:14:35";1;1
54322;"Кросівки чоловічі ADIDAS Crazychaos 2000 IG4351";"2026-01-16 11:14:35";1;1
54322;"Кросівки чоловічі ADIDAS Crazychaos 2000 IG4351";"2026-01-16 11:14:35";1;1
44757;"Кросівки чоловічі Columbia CASTBACK™ PFG 2063101";"2024-03-01 13:53:58";0;0
44757;"Кросівки чоловічі Columbia CASTBACK™ PFG 2063101";"2024-03-01 13:53:58";0;2
44757;"Кросівки чоловічі Columbia CASTBACK™ PFG 2063101";"2024-03-01 13:53:58";0;2
44757;"Кросівки чоловічі Columbia CASTBACK™ PFG 2063101";"2024-03-01 13:53:58";0;0
44757;"Кросівки чоловічі Columbia CASTBACK™ PFG 2063101";"2024-03-01 13:53:58";0;0
44757;"Кросівки чоловічі Columbia CASTBACK™ PFG 2063101";"2024-03-01 13:53:58";0;0
44757;"Кросівки чоловічі Columbia CASTBACK™ PFG 2063101";"2024-03-01 13:53:58";0;0
44757;"Кросівки чоловічі Columbia CASTBACK™ PFG 2063101";"2024-03-01 13:53:58";0;1
44757;"Кросівки чоловічі Columbia CASTBACK™ PFG 2063101";"2024-03-01 13:53:58";0;1
44757;"Кросівки чоловічі Columbia CASTBACK™ PFG 2063101";"2024-03-01 13:53:58";0;2
44757;"Кросівки чоловічі Columbia CASTBACK™ PFG 2063101";"2024-03-01 13:53:58";0;0
49311;"Кросівки чоловічі Columbia Castback™ PFG 2063101";"2025-02-28 12:32:01";1;1
49311;"Кросівки чоловічі Columbia Castback™ PFG 2063101";"2025-02-28 12:32:01";1;3
49311;"Кросівки чоловічі Columbia Castback™ PFG 2063101";"2025-02-28 12:32:01";1;4
49311;"Кросівки чоловічі Columbia Castback™ PFG 2063101";"2025-02-28 12:32:01";1;2
49311;"Кросівки чоловічі Columbia Castback™ PFG 2063101";"2025-02-28 12:32:01";1;2
49311;"Кросівки чоловічі Columbia Castback™ PFG 2063101";"2025-02-28 12:32:01";1;2
49311;"Кросівки чоловічі Columbia Castback™ PFG 2063101";"2025-02-28 12:32:01";1;2
49311;"Кросівки чоловічі Columbia Castback™ PFG 2063101";"2025-02-28 12:32:01";1;2
49311;"Кросівки чоловічі Columbia Castback™ PFG 2063101";"2025-02-28 12:32:01";1;0
49311;"Кросівки чоловічі Columbia Castback™ PFG 2063101";"2025-02-28 12:32:01";1;2
49311;"Кросівки чоловічі Columbia Castback™ PFG 2063101";"2025-02-28 12:32:01";1;3
44758;"Кросівки чоловічі Columbia DRAINMAKER™ XTR 2063431";"2024-03-01 13:53:58";0;0
44758;"Кросівки чоловічі Columbia DRAINMAKER™ XTR 2063431";"2024-03-01 13:53:58";0;0
44758;"Кросівки чоловічі Columbia DRAINMAKER™ XTR 2063431";"2024-03-01 13:53:58";0;0
44758;"Кросівки чоловічі Columbia DRAINMAKER™ XTR 2063431";"2024-03-01 13:53:58";0;0
44758;"Кросівки чоловічі Columbia DRAINMAKER™ XTR 2063431";"2024-03-01 13:53:58";0;0
44758;"Кросівки чоловічі Columbia DRAINMAKER™ XTR 2063431";"2024-03-01 13:53:58";0;0
44758;"Кросівки чоловічі Columbia DRAINMAKER™ XTR 2063431";"2024-03-01 13:53:58";0;0
44758;"Кросівки чоловічі Columbia DRAINMAKER™ XTR 2063431";"2024-03-01 13:53:58";0;0
44758;"Кросівки чоловічі Columbia DRAINMAKER™ XTR 2063431";"2024-03-01 13:53:58";0;0
44758;"Кросівки чоловічі Columbia DRAINMAKER™ XTR 2063431";"2024-03-01 13:53:58";0;0
44758;"Кросівки чоловічі Columbia DRAINMAKER™ XTR 2063431";"2024-03-01 13:53:58";0;0
49312;"Кросівки чоловічі Columbia Drainmaker™ XTR 2063431";"2025-02-28 12:32:01";1;1
49312;"Кросівки чоловічі Columbia Drainmaker™ XTR 2063431";"2025-02-28 12:32:01";1;1
49312;"Кросівки чоловічі Columbia Drainmaker™ XTR 2063431";"2025-02-28 12:32:01";1;0
49312;"Кросівки чоловічі Columbia Drainmaker™ XTR 2063431";"2025-02-28 12:32:01";1;0
49312;"Кросівки чоловічі Columbia Drainmaker™ XTR 2063431";"2025-02-28 12:32:01";1;0
49312;"Кросівки чоловічі Columbia Drainmaker™ XTR 2063431";"2025-02-28 12:32:01";1;0
49312;"Кросівки чоловічі Columbia Drainmaker™ XTR 2063431";"2025-02-28 12:32:01";1;1
49312;"Кросівки чоловічі Columbia Drainmaker™ XTR 2063431";"2025-02-28 12:32:01";1;0
49312;"Кросівки чоловічі Columbia Drainmaker™ XTR 2063431";"2025-02-28 12:32:01";1;1
49312;"Кросівки чоловічі Columbia Drainmaker™ XTR 2063431";"2025-02-28 12:32:01";1;0
49312;"Кросівки чоловічі Columbia Drainmaker™ XTR 2063431";"2025-02-28 12:32:01";1;0
49312;"Кросівки чоловічі Columbia Drainmaker™ XTR 2063431";"2025-02-28 12:32:01";1;0
49312;"Кросівки чоловічі Columbia Drainmaker™ XTR 2063431";"2025-02-28 12:32:01";1;0
49312;"Кросівки чоловічі Columbia Drainmaker™ XTR 2063431";"2025-02-28 12:32:01";1;0
49312;"Кросівки чоловічі Columbia Drainmaker™ XTR 2063431";"2025-02-28 12:32:01";1;0
49312;"Кросівки чоловічі Columbia Drainmaker™ XTR 2063431";"2025-02-28 12:32:01";1;1
49312;"Кросівки чоловічі Columbia Drainmaker™ XTR 2063431";"2025-02-28 12:32:01";1;0
49312;"Кросівки чоловічі Columbia Drainmaker™ XTR 2063431";"2025-02-28 12:32:01";1;0
49312;"Кросівки чоловічі Columbia Drainmaker™ XTR 2063431";"2025-02-28 12:32:01";1;0
49312;"Кросівки чоловічі Columbia Drainmaker™ XTR 2063431";"2025-02-28 12:32:01";1;0
49312;"Кросівки чоловічі Columbia Drainmaker™ XTR 2063431";"2025-02-28 12:32:01";1;0
49312;"Кросівки чоловічі Columbia Drainmaker™ XTR 2063431";"2025-02-28 12:32:01";1;0
49312;"Кросівки чоловічі Columbia Drainmaker™ XTR 2063431";"2025-02-28 12:32:01";1;0
49312;"Кросівки чоловічі Columbia Drainmaker™ XTR 2063431";"2025-02-28 12:32:01";1;1
49312;"Кросівки чоловічі Columbia Drainmaker™ XTR 2063431";"2025-02-28 12:32:01";1;0
49312;"Кросівки чоловічі Columbia Drainmaker™ XTR 2063431";"2025-02-28 12:32:01";1;1
49312;"Кросівки чоловічі Columbia Drainmaker™ XTR 2063431";"2025-02-28 12:32:01";1;2
49312;"Кросівки чоловічі Columbia Drainmaker™ XTR 2063431";"2025-02-28 12:32:01";1;0
49312;"Кросівки чоловічі Columbia Drainmaker™ XTR 2063431";"2025-02-28 12:32:01";1;0
52993;"Кросівки чоловічі Columbia Konos™ Featherweight™ 2141611";"2025-09-04 10:34:42";0;3
52993;"Кросівки чоловічі Columbia Konos™ Featherweight™ 2141611";"2025-09-04 10:34:42";0;4
52993;"Кросівки чоловічі Columbia Konos™ Featherweight™ 2141611";"2025-09-04 10:34:42";0;5
52993;"Кросівки чоловічі Columbia Konos™ Featherweight™ 2141611";"2025-09-04 10:34:42";0;2
52993;"Кросівки чоловічі Columbia Konos™ Featherweight™ 2141611";"2025-09-04 10:34:42";0;1
54205;"Кросівки чоловічі Columbia Konos™ Featherweight™ 2141611";"2026-01-05 18:02:15";1;2
54205;"Кросівки чоловічі Columbia Konos™ Featherweight™ 2141611";"2026-01-05 18:02:15";1;1
54205;"Кросівки чоловічі Columbia Konos™ Featherweight™ 2141611";"2026-01-05 18:02:15";1;1
49207;"Кросівки чоловічі Nike Downshifter 13 FD6454-003";"2025-02-20 12:31:03";0;0
49207;"Кросівки чоловічі Nike Downshifter 13 FD6454-003";"2025-02-20 12:31:03";0;0
49207;"Кросівки чоловічі Nike Downshifter 13 FD6454-003";"2025-02-20 12:31:03";0;0
49207;"Кросівки чоловічі Nike Downshifter 13 FD6454-003";"2025-02-20 12:31:03";0;0
49207;"Кросівки чоловічі Nike Downshifter 13 FD6454-003";"2025-02-20 12:31:03";0;0
49207;"Кросівки чоловічі Nike Downshifter 13 FD6454-003";"2025-02-20 12:31:03";0;0
49207;"Кросівки чоловічі Nike Downshifter 13 FD6454-003";"2025-02-20 12:31:03";0;0
49207;"Кросівки чоловічі Nike Downshifter 13 FD6454-003";"2025-02-20 12:31:03";0;0
49207;"Кросівки чоловічі Nike Downshifter 13 FD6454-003";"2025-02-20 12:31:03";0;0
53900;"Кросівки чоловічі NIKE DOWNSHIFTER 13 FD6454-003";"2025-12-03 17:17:11";1;1
53900;"Кросівки чоловічі NIKE DOWNSHIFTER 13 FD6454-003";"2025-12-03 17:17:11";1;1
53900;"Кросівки чоловічі NIKE DOWNSHIFTER 13 FD6454-003";"2025-12-03 17:17:11";1;3
53900;"Кросівки чоловічі NIKE DOWNSHIFTER 13 FD6454-003";"2025-12-03 17:17:11";1;2
53900;"Кросівки чоловічі NIKE DOWNSHIFTER 13 FD6454-003";"2025-12-03 17:17:11";1;1
53900;"Кросівки чоловічі NIKE DOWNSHIFTER 13 FD6454-003";"2025-12-03 17:17:11";1;4
53900;"Кросівки чоловічі NIKE DOWNSHIFTER 13 FD6454-003";"2025-12-03 17:17:11";1;3
53900;"Кросівки чоловічі NIKE DOWNSHIFTER 13 FD6454-003";"2025-12-03 17:17:11";1;2
53900;"Кросівки чоловічі NIKE DOWNSHIFTER 13 FD6454-003";"2025-12-03 17:17:11";1;1
45922;"Кросівки чоловічі Skechers Summits  52811";"2024-04-12 14:13:30";0;0
45922;"Кросівки чоловічі Skechers Summits  52811";"2024-04-12 14:13:30";0;0
45922;"Кросівки чоловічі Skechers Summits  52811";"2024-04-12 14:13:30";0;0
45922;"Кросівки чоловічі Skechers Summits  52811";"2024-04-12 14:13:30";0;0
45922;"Кросівки чоловічі Skechers Summits  52811";"2024-04-12 14:13:30";0;0
45922;"Кросівки чоловічі Skechers Summits  52811";"2024-04-12 14:13:30";0;0
45922;"Кросівки чоловічі Skechers Summits  52811";"2024-04-12 14:13:30";0;0
45922;"Кросівки чоловічі Skechers Summits  52811";"2024-04-12 14:13:30";0;0
45922;"Кросівки чоловічі Skechers Summits  52811";"2024-04-12 14:13:30";0;0
45922;"Кросівки чоловічі Skechers Summits  52811";"2024-04-12 14:13:30";0;0
45922;"Кросівки чоловічі Skechers Summits  52811";"2024-04-12 14:13:30";0;0
45922;"Кросівки чоловічі Skechers Summits  52811";"2024-04-12 14:13:30";0;1
45922;"Кросівки чоловічі Skechers Summits  52811";"2024-04-12 14:13:30";0;0
49634;"Кросівки чоловічі Skechers Summits  52811";"2025-03-28 12:28:54";1;1
49634;"Кросівки чоловічі Skechers Summits  52811";"2025-03-28 12:28:54";1;0
49634;"Кросівки чоловічі Skechers Summits  52811";"2025-03-28 12:28:54";1;5
49634;"Кросівки чоловічі Skechers Summits  52811";"2025-03-28 12:28:54";1;0
49634;"Кросівки чоловічі Skechers Summits  52811";"2025-03-28 12:28:54";1;1
49634;"Кросівки чоловічі Skechers Summits  52811";"2025-03-28 12:28:54";1;0
49634;"Кросівки чоловічі Skechers Summits  52811";"2025-03-28 12:28:54";1;1
49634;"Кросівки чоловічі Skechers Summits  52811";"2025-03-28 12:28:54";1;0
49634;"Кросівки чоловічі Skechers Summits  52811";"2025-03-28 12:28:54";1;1
49634;"Кросівки чоловічі Skechers Summits  52811";"2025-03-28 12:28:54";1;0
49634;"Кросівки чоловічі Skechers Summits  52811";"2025-03-28 12:28:54";1;3
49634;"Кросівки чоловічі Skechers Summits  52811";"2025-03-28 12:28:54";1;2
49351;"Кросівки чоловічі Skechers TRACK  232758";"2025-03-07 12:57:34";0;0
49351;"Кросівки чоловічі Skechers TRACK  232758";"2025-03-07 12:57:34";0;0
49351;"Кросівки чоловічі Skechers TRACK  232758";"2025-03-07 12:57:34";0;0
49351;"Кросівки чоловічі Skechers TRACK  232758";"2025-03-07 12:57:34";0;0
49351;"Кросівки чоловічі Skechers TRACK  232758";"2025-03-07 12:57:34";0;0
49351;"Кросівки чоловічі Skechers TRACK  232758";"2025-03-07 12:57:34";0;0
49351;"Кросівки чоловічі Skechers TRACK  232758";"2025-03-07 12:57:34";0;0
49351;"Кросівки чоловічі Skechers TRACK  232758";"2025-03-07 12:57:34";0;0
49351;"Кросівки чоловічі Skechers TRACK  232758";"2025-03-07 12:57:34";0;2
49351;"Кросівки чоловічі Skechers TRACK  232758";"2025-03-07 12:57:34";0;0
49351;"Кросівки чоловічі Skechers TRACK  232758";"2025-03-07 12:57:34";0;0
49351;"Кросівки чоловічі Skechers TRACK  232758";"2025-03-07 12:57:34";0;0
55091;"Кросівки чоловічі Skechers TRACK  232758";"2026-03-19 11:39:57";1;1
55091;"Кросівки чоловічі Skechers TRACK  232758";"2026-03-19 11:39:57";1;0
55091;"Кросівки чоловічі Skechers TRACK  232758";"2026-03-19 11:39:57";1;3
55091;"Кросівки чоловічі Skechers TRACK  232758";"2026-03-19 11:39:57";1;2
55091;"Кросівки чоловічі Skechers TRACK  232758";"2026-03-19 11:39:57";1;6
55091;"Кросівки чоловічі Skechers TRACK  232758";"2026-03-19 11:39:57";1;0
55091;"Кросівки чоловічі Skechers TRACK  232758";"2026-03-19 11:39:57";1;3
55091;"Кросівки чоловічі Skechers TRACK  232758";"2026-03-19 11:39:57";1;1
55091;"Кросівки чоловічі Skechers TRACK  232758";"2026-03-19 11:39:57";1;4
55091;"Кросівки чоловічі Skechers TRACK  232758";"2026-03-19 11:39:57";1;3
55091;"Кросівки чоловічі Skechers TRACK  232758";"2026-03-19 11:39:57";1;2
55091;"Кросівки чоловічі Skechers TRACK  232758";"2026-03-19 11:39:57";1;1
45911;"Кросівки чоловічі Skechers Track 232399";"2024-04-12 14:13:21";0;0
45911;"Кросівки чоловічі Skechers Track 232399";"2024-04-12 14:13:21";0;0
45911;"Кросівки чоловічі Skechers Track 232399";"2024-04-12 14:13:21";0;0
45911;"Кросівки чоловічі Skechers Track 232399";"2024-04-12 14:13:21";0;0
45911;"Кросівки чоловічі Skechers Track 232399";"2024-04-12 14:13:21";0;0
45911;"Кросівки чоловічі Skechers Track 232399";"2024-04-12 14:13:21";0;0
45911;"Кросівки чоловічі Skechers Track 232399";"2024-04-12 14:13:21";0;0
45911;"Кросівки чоловічі Skechers Track 232399";"2024-04-12 14:13:21";0;0
45911;"Кросівки чоловічі Skechers Track 232399";"2024-04-12 14:13:21";0;0
45911;"Кросівки чоловічі Skechers Track 232399";"2024-04-12 14:13:21";0;0
45911;"Кросівки чоловічі Skechers Track 232399";"2024-04-12 14:13:21";0;0
45911;"Кросівки чоловічі Skechers Track 232399";"2024-04-12 14:13:21";0;0
45911;"Кросівки чоловічі Skechers Track 232399";"2024-04-12 14:13:21";0;0
54664;"Кросівки чоловічі Skechers Track 232399";"2026-02-12 12:38:04";1;2
54664;"Кросівки чоловічі Skechers Track 232399";"2026-02-12 12:38:04";1;5
54664;"Кросівки чоловічі Skechers Track 232399";"2026-02-12 12:38:04";1;2
54664;"Кросівки чоловічі Skechers Track 232399";"2026-02-12 12:38:04";1;7
54664;"Кросівки чоловічі Skechers Track 232399";"2026-02-12 12:38:04";1;3
54664;"Кросівки чоловічі Skechers Track 232399";"2026-02-12 12:38:04";1;3
54664;"Кросівки чоловічі Skechers Track 232399";"2026-02-12 12:38:04";1;2
54664;"Кросівки чоловічі Skechers Track 232399";"2026-02-12 12:38:04";1;1
54664;"Кросівки чоловічі Skechers Track 232399";"2026-02-12 12:38:04";1;4
54664;"Кросівки чоловічі Skechers Track 232399";"2026-02-12 12:38:04";1;2
54664;"Кросівки чоловічі Skechers Track 232399";"2026-02-12 12:38:04";1;1
54664;"Кросівки чоловічі Skechers Track 232399";"2026-02-12 12:38:04";1;1
54664;"Кросівки чоловічі Skechers Track 232399";"2026-02-12 12:38:04";1;2
52640;"Кроссовки 1295778 Un.Arm (м) дем.";"2025-08-28 09:33:28";0;0
52640;"Кроссовки 1295778 Un.Arm (м) дем.";"2025-08-28 09:33:28";0;0
52640;"Кроссовки 1295778 Un.Arm (м) дем.";"2025-08-28 09:33:28";0;0
52640;"Кроссовки 1295778 Un.Arm (м) дем.";"2025-08-28 09:33:28";0;0
52640;"Кроссовки 1295778 Un.Arm (м) дем.";"2025-08-28 09:33:28";0;0
52640;"Кроссовки 1295778 Un.Arm (м) дем.";"2025-08-28 09:33:28";0;0
52640;"Кроссовки 1295778 Un.Arm (м) дем.";"2025-08-28 09:33:28";0;0
52640;"Кроссовки 1295778 Un.Arm (м) дем.";"2025-08-28 09:33:28";0;0
52641;"Кроссовки 1295778 Un.Arm (м) дем.";"2025-08-28 09:33:28";0;0
52641;"Кроссовки 1295778 Un.Arm (м) дем.";"2025-08-28 09:33:28";0;0
52641;"Кроссовки 1295778 Un.Arm (м) дем.";"2025-08-28 09:33:28";0;0
52641;"Кроссовки 1295778 Un.Arm (м) дем.";"2025-08-28 09:33:28";0;0
52641;"Кроссовки 1295778 Un.Arm (м) дем.";"2025-08-28 09:33:28";0;0
52641;"Кроссовки 1295778 Un.Arm (м) дем.";"2025-08-28 09:33:28";0;0
52641;"Кроссовки 1295778 Un.Arm (м) дем.";"2025-08-28 09:33:28";0;0
52642;"Кроссовки 1295778 Un.Arm (м) дем.";"2025-08-28 09:33:28";1;0
52642;"Кроссовки 1295778 Un.Arm (м) дем.";"2025-08-28 09:33:28";1;0
52642;"Кроссовки 1295778 Un.Arm (м) дем.";"2025-08-28 09:33:28";1;0
52642;"Кроссовки 1295778 Un.Arm (м) дем.";"2025-08-28 09:33:28";1;0
52642;"Кроссовки 1295778 Un.Arm (м) дем.";"2025-08-28 09:33:28";1;0
52642;"Кроссовки 1295778 Un.Arm (м) дем.";"2025-08-28 09:33:28";1;0
52642;"Кроссовки 1295778 Un.Arm (м) дем.";"2025-08-28 09:33:28";1;0
52642;"Кроссовки 1295778 Un.Arm (м) дем.";"2025-08-28 09:33:28";1;0
48016;"Напівчеревики чоловічі Columbia Firecamp™ III Waterproof 2099751";"2024-10-18 15:18:47";0;0
48016;"Напівчеревики чоловічі Columbia Firecamp™ III Waterproof 2099751";"2024-10-18 15:18:47";0;0
48016;"Напівчеревики чоловічі Columbia Firecamp™ III Waterproof 2099751";"2024-10-18 15:18:47";0;0
48016;"Напівчеревики чоловічі Columbia Firecamp™ III Waterproof 2099751";"2024-10-18 15:18:47";0;0
48016;"Напівчеревики чоловічі Columbia Firecamp™ III Waterproof 2099751";"2024-10-18 15:18:47";0;0
48016;"Напівчеревики чоловічі Columbia Firecamp™ III Waterproof 2099751";"2024-10-18 15:18:47";0;0
48016;"Напівчеревики чоловічі Columbia Firecamp™ III Waterproof 2099751";"2024-10-18 15:18:47";0;0
48016;"Напівчеревики чоловічі Columbia Firecamp™ III Waterproof 2099751";"2024-10-18 15:18:47";0;0
48016;"Напівчеревики чоловічі Columbia Firecamp™ III Waterproof 2099751";"2024-10-18 15:18:47";0;0
48016;"Напівчеревики чоловічі Columbia Firecamp™ III Waterproof 2099751";"2024-10-18 15:18:47";0;0
48016;"Напівчеревики чоловічі Columbia Firecamp™ III Waterproof 2099751";"2024-10-18 15:18:47";0;0
48016;"Напівчеревики чоловічі Columbia Firecamp™ III Waterproof 2099751";"2024-10-18 15:18:47";0;1
48016;"Напівчеревики чоловічі Columbia Firecamp™ III Waterproof 2099751";"2024-10-18 15:18:47";0;0
48016;"Напівчеревики чоловічі Columbia Firecamp™ III Waterproof 2099751";"2024-10-18 15:18:47";0;0
48016;"Напівчеревики чоловічі Columbia Firecamp™ III Waterproof 2099751";"2024-10-18 15:18:47";0;0
48016;"Напівчеревики чоловічі Columbia Firecamp™ III Waterproof 2099751";"2024-10-18 15:18:47";0;0
48016;"Напівчеревики чоловічі Columbia Firecamp™ III Waterproof 2099751";"2024-10-18 15:18:47";0;0
48016;"Напівчеревики чоловічі Columbia Firecamp™ III Waterproof 2099751";"2024-10-18 15:18:47";0;1
53508;"Напівчеревики чоловічі Columbia Firecamp™ III Waterproof 2099751";"2025-10-14 15:25:03";0;1
53508;"Напівчеревики чоловічі Columbia Firecamp™ III Waterproof 2099751";"2025-10-14 15:25:03";0;2
53508;"Напівчеревики чоловічі Columbia Firecamp™ III Waterproof 2099751";"2025-10-14 15:25:03";0;0
53508;"Напівчеревики чоловічі Columbia Firecamp™ III Waterproof 2099751";"2025-10-14 15:25:03";0;1
53508;"Напівчеревики чоловічі Columbia Firecamp™ III Waterproof 2099751";"2025-10-14 15:25:03";0;0
53508;"Напівчеревики чоловічі Columbia Firecamp™ III Waterproof 2099751";"2025-10-14 15:25:03";0;0
53508;"Напівчеревики чоловічі Columbia Firecamp™ III Waterproof 2099751";"2025-10-14 15:25:03";0;0
53508;"Напівчеревики чоловічі Columbia Firecamp™ III Waterproof 2099751";"2025-10-14 15:25:03";0;0
54214;"Напівчеревики чоловічі Columbia FIRECAMP™ III WATERPROOF 2099751";"2026-01-05 18:03:51";1;2
54214;"Напівчеревики чоловічі Columbia FIRECAMP™ III WATERPROOF 2099751";"2026-01-05 18:03:51";1;0
54214;"Напівчеревики чоловічі Columbia FIRECAMP™ III WATERPROOF 2099751";"2026-01-05 18:03:51";1;1
54214;"Напівчеревики чоловічі Columbia FIRECAMP™ III WATERPROOF 2099751";"2026-01-05 18:03:51";1;0
54214;"Напівчеревики чоловічі Columbia FIRECAMP™ III WATERPROOF 2099751";"2026-01-05 18:03:51";1;0
54214;"Напівчеревики чоловічі Columbia FIRECAMP™ III WATERPROOF 2099751";"2026-01-05 18:03:51";1;1
54214;"Напівчеревики чоловічі Columbia FIRECAMP™ III WATERPROOF 2099751";"2026-01-05 18:03:51";1;2
54214;"Напівчеревики чоловічі Columbia FIRECAMP™ III WATERPROOF 2099751";"2026-01-05 18:03:51";1;2
54214;"Напівчеревики чоловічі Columbia FIRECAMP™ III WATERPROOF 2099751";"2026-01-05 18:03:51";1;2
48894;"Пляшка для води Puma TR Bottle Sportstyle 05351801";"2025-01-23 14:49:05";0;0
54482;"Пляшка для води PUMA TR Bottle Sportstyle 05351801";"2026-01-26 18:15:25";1;12
46050;"Рюкзак Kappa 125500";"2024-04-17 16:06:54";0;0
47657;"Рюкзак KAPPA 125500";"2024-09-13 13:38:07";1;0
47657;"Рюкзак KAPPA 125500";"2024-09-13 13:38:07";1;0
46996;"Сандалі чоловічі Northland Festland  118550";"2024-06-25 13:10:33";0;1
46996;"Сандалі чоловічі Northland Festland  118550";"2024-06-25 13:10:33";0;1
46996;"Сандалі чоловічі Northland Festland  118550";"2024-06-25 13:10:33";0;0
46996;"Сандалі чоловічі Northland Festland  118550";"2024-06-25 13:10:33";0;0
46996;"Сандалі чоловічі Northland Festland  118550";"2024-06-25 13:10:33";0;3
46996;"Сандалі чоловічі Northland Festland  118550";"2024-06-25 13:10:33";0;0
49952;"Сандалі чоловічі Northland Festland  118550";"2025-05-02 12:04:30";1;0
49952;"Сандалі чоловічі Northland Festland  118550";"2025-05-02 12:04:30";1;0
49952;"Сандалі чоловічі Northland Festland  118550";"2025-05-02 12:04:30";1;2
49952;"Сандалі чоловічі Northland Festland  118550";"2025-05-02 12:04:30";1;1
49952;"Сандалі чоловічі Northland Festland  118550";"2025-05-02 12:04:30";1;3
49952;"Сандалі чоловічі Northland Festland  118550";"2025-05-02 12:04:30";1;0
49952;"Сандалі чоловічі Northland Festland  118550";"2025-05-02 12:04:30";1;1
49743;"Спортивна пляшка ADIDAS 750 мл FM9931";"2025-04-09 13:21:26";0;0
50686;"Спортивна пляшка ADIDAS 750 мл FM9931";"2025-07-16 14:32:12";1;5
44585;"Сумка CMP PORTLAND SHOULDER BAG 3V26017";"2024-02-16 12:04:41";0;0
48029;"Сумка CMP PORTLAND SHOULDER BAG 3V26017";"2024-10-18 15:19:09";1;0
46601;"Сумка New Balance Sling Bag LAB23124BK";"2024-06-11 12:52:56";0;0
47302;"Сумка New Balance Sling Bag LAB23124BK";"2024-08-20 13:54:20";1;0
44588;"Сумка Nike Nk Heritage Crossbody DB0456-010";"2024-02-16 12:04:41";0;0
53656;"Сумка Nike NK HERITAGE CROSSBODY DB0456-010";"2025-10-31 12:01:48";1;4
44302;"Сумка Under Armour Ua Favorite Tote 1369214-001";"2024-01-05 11:20:39";0;0
47500;"Сумка Under Armour Ua Favorite Tote 1369214-001";"2024-08-23 14:07:20";1;0
53594;"Труси чоловічі Columbia Performance Cotton Stretch Melange, 2 штуки CPCB02";"2025-10-27 15:01:31";0;3
53594;"Труси чоловічі Columbia Performance Cotton Stretch Melange, 2 штуки CPCB02";"2025-10-27 15:01:31";0;5
53594;"Труси чоловічі Columbia Performance Cotton Stretch Melange, 2 штуки CPCB02";"2025-10-27 15:01:31";0;7
53594;"Труси чоловічі Columbia Performance Cotton Stretch Melange, 2 штуки CPCB02";"2025-10-27 15:01:31";0;9
53594;"Труси чоловічі Columbia Performance Cotton Stretch Melange, 2 штуки CPCB02";"2025-10-27 15:01:31";0;4
53594;"Труси чоловічі Columbia Performance Cotton Stretch Melange, 2 штуки CPCB02";"2025-10-27 15:01:31";0;5
53594;"Труси чоловічі Columbia Performance Cotton Stretch Melange, 2 штуки CPCB02";"2025-10-27 15:01:31";0;3
53594;"Труси чоловічі Columbia Performance Cotton Stretch Melange, 2 штуки CPCB02";"2025-10-27 15:01:31";0;7
53594;"Труси чоловічі Columbia Performance Cotton Stretch Melange, 2 штуки CPCB02";"2025-10-27 15:01:31";0;3
53594;"Труси чоловічі Columbia Performance Cotton Stretch Melange, 2 штуки CPCB02";"2025-10-27 15:01:31";0;2
54647;"Труси чоловічі Columbia Performance Cotton Stretch Melange, 2 штуки CPCB02";"2026-02-10 13:01:52";1;0
54647;"Труси чоловічі Columbia Performance Cotton Stretch Melange, 2 штуки CPCB02";"2026-02-10 13:01:52";1;0
54647;"Труси чоловічі Columbia Performance Cotton Stretch Melange, 2 штуки CPCB02";"2026-02-10 13:01:52";1;4
54647;"Труси чоловічі Columbia Performance Cotton Stretch Melange, 2 штуки CPCB02";"2026-02-10 13:01:52";1;3
54647;"Труси чоловічі Columbia Performance Cotton Stretch Melange, 2 штуки CPCB02";"2026-02-10 13:01:52";1;3
54647;"Труси чоловічі Columbia Performance Cotton Stretch Melange, 2 штуки CPCB02";"2026-02-10 13:01:52";1;1
54647;"Труси чоловічі Columbia Performance Cotton Stretch Melange, 2 штуки CPCB02";"2026-02-10 13:01:52";1;0
54647;"Труси чоловічі Columbia Performance Cotton Stretch Melange, 2 штуки CPCB02";"2026-02-10 13:01:52";1;0
46709;"Футболка жіноча Puma Active Tee 58685701";"2024-06-14 14:49:40";0;0
46709;"Футболка жіноча Puma Active Tee 58685701";"2024-06-14 14:49:40";0;0
46709;"Футболка жіноча Puma Active Tee 58685701";"2024-06-14 14:49:40";0;0
46709;"Футболка жіноча Puma Active Tee 58685701";"2024-06-14 14:49:40";0;0
46709;"Футболка жіноча Puma Active Tee 58685701";"2024-06-14 14:49:40";0;0
48912;"Футболка жіноча Puma Active Tee 58685701";"2025-01-23 14:49:48";1;0
48912;"Футболка жіноча Puma Active Tee 58685701";"2025-01-23 14:49:48";1;0
48912;"Футболка жіноча Puma Active Tee 58685701";"2025-01-23 14:49:48";1;1
48912;"Футболка жіноча Puma Active Tee 58685701";"2025-01-23 14:49:48";1;0
46710;"Футболка жіноча Puma Active Tee 58685702";"2024-06-14 14:49:40";0;0
46710;"Футболка жіноча Puma Active Tee 58685702";"2024-06-14 14:49:40";0;0
46710;"Футболка жіноча Puma Active Tee 58685702";"2024-06-14 14:49:40";0;0
46710;"Футболка жіноча Puma Active Tee 58685702";"2024-06-14 14:49:40";0;0
46710;"Футболка жіноча Puma Active Tee 58685702";"2024-06-14 14:49:40";0;0
48913;"Футболка жіноча Puma Active Tee 58685702";"2025-01-23 14:49:49";1;1
48913;"Футболка жіноча Puma Active Tee 58685702";"2025-01-23 14:49:49";1;0
48913;"Футболка жіноча Puma Active Tee 58685702";"2025-01-23 14:49:49";1;0
48913;"Футболка жіноча Puma Active Tee 58685702";"2025-01-23 14:49:49";1;1
50695;"Футболка чоловіча ADIDAS TREFOIL ESSENTIALS JI8545 ";"2025-07-16 14:32:41";0;1
50695;"Футболка чоловіча ADIDAS TREFOIL ESSENTIALS JI8545 ";"2025-07-16 14:32:41";0;0
50695;"Футболка чоловіча ADIDAS TREFOIL ESSENTIALS JI8545 ";"2025-07-16 14:32:41";0;0
50695;"Футболка чоловіча ADIDAS TREFOIL ESSENTIALS JI8545 ";"2025-07-16 14:32:41";0;0
50695;"Футболка чоловіча ADIDAS TREFOIL ESSENTIALS JI8545 ";"2025-07-16 14:32:41";0;2
54255;"Футболка чоловіча ADIDAS Trefoil Essentials JI8545";"2026-01-07 17:56:57";1;1
54255;"Футболка чоловіча ADIDAS Trefoil Essentials JI8545";"2026-01-07 17:56:57";1;3
54255;"Футболка чоловіча ADIDAS Trefoil Essentials JI8545";"2026-01-07 17:56:57";1;3
54255;"Футболка чоловіча ADIDAS Trefoil Essentials JI8545";"2026-01-07 17:56:57";1;2
54255;"Футболка чоловіча ADIDAS Trefoil Essentials JI8545";"2026-01-07 17:56:57";1;2
50406;"Футболка чоловіча ADIDAS Z.N.E. JE3078 ";"2025-06-30 13:26:22";0;0
50406;"Футболка чоловіча ADIDAS Z.N.E. JE3078 ";"2025-06-30 13:26:22";0;0
50406;"Футболка чоловіча ADIDAS Z.N.E. JE3078 ";"2025-06-30 13:26:22";0;0
50406;"Футболка чоловіча ADIDAS Z.N.E. JE3078 ";"2025-06-30 13:26:22";0;0
54249;"Футболка чоловіча ADIDAS Z.N.E. JE3078";"2026-01-07 17:56:56";1;2
54249;"Футболка чоловіча ADIDAS Z.N.E. JE3078";"2026-01-07 17:56:56";1;3
54249;"Футболка чоловіча ADIDAS Z.N.E. JE3078";"2026-01-07 17:56:56";1;5
54249;"Футболка чоловіча ADIDAS Z.N.E. JE3078";"2026-01-07 17:56:56";1;4
54249;"Футболка чоловіча ADIDAS Z.N.E. JE3078";"2026-01-07 17:56:56";1;6
46345;"Футболка чоловіча FILA 125585";"2024-05-29 14:45:53";0;0
46345;"Футболка чоловіча FILA 125585";"2024-05-29 14:45:53";0;0
46345;"Футболка чоловіча FILA 125585";"2024-05-29 14:45:53";0;0
46345;"Футболка чоловіча FILA 125585";"2024-05-29 14:45:53";0;0
46345;"Футболка чоловіча FILA 125585";"2024-05-29 14:45:53";0;1
46345;"Футболка чоловіча FILA 125585";"2024-05-29 14:45:53";0;0
46345;"Футболка чоловіча FILA 125585";"2024-05-29 14:45:53";0;0
46345;"Футболка чоловіча FILA 125585";"2024-05-29 14:45:53";0;0
50385;"Футболка чоловіча FILA 125585";"2025-06-30 13:25:47";1;0
50385;"Футболка чоловіча FILA 125585";"2025-06-30 13:25:47";1;0
50385;"Футболка чоловіча FILA 125585";"2025-06-30 13:25:47";1;0
50385;"Футболка чоловіча FILA 125585";"2025-06-30 13:25:47";1;0
45822;"Футболка чоловіча Fly 23216С ";"2024-04-03 14:33:38";0;0
45822;"Футболка чоловіча Fly 23216С ";"2024-04-03 14:33:38";0;0
45822;"Футболка чоловіча Fly 23216С ";"2024-04-03 14:33:38";0;0
45822;"Футболка чоловіча Fly 23216С ";"2024-04-03 14:33:38";0;0
45822;"Футболка чоловіча Fly 23216С ";"2024-04-03 14:33:38";0;0
45822;"Футболка чоловіча Fly 23216С ";"2024-04-03 14:33:38";0;1
45822;"Футболка чоловіча Fly 23216С ";"2024-04-03 14:33:38";0;0
45822;"Футболка чоловіча Fly 23216С ";"2024-04-03 14:33:38";0;1
45822;"Футболка чоловіча Fly 23216С ";"2024-04-03 14:33:38";0;4
45822;"Футболка чоловіча Fly 23216С ";"2024-04-03 14:33:38";0;1
45822;"Футболка чоловіча Fly 23216С ";"2024-04-03 14:33:38";0;0
45822;"Футболка чоловіча Fly 23216С ";"2024-04-03 14:33:38";0;0
45822;"Футболка чоловіча Fly 23216С ";"2024-04-03 14:33:38";0;0
45822;"Футболка чоловіча Fly 23216С ";"2024-04-03 14:33:38";0;0
45822;"Футболка чоловіча Fly 23216С ";"2024-04-03 14:33:38";0;2
45822;"Футболка чоловіча Fly 23216С ";"2024-04-03 14:33:38";0;0
45822;"Футболка чоловіча Fly 23216С ";"2024-04-03 14:33:38";0;0
45822;"Футболка чоловіча Fly 23216С ";"2024-04-03 14:33:38";0;0
45822;"Футболка чоловіча Fly 23216С ";"2024-04-03 14:33:38";0;0
45822;"Футболка чоловіча Fly 23216С ";"2024-04-03 14:33:38";0;0
45822;"Футболка чоловіча Fly 23216С ";"2024-04-03 14:33:38";0;3
49234;"Футболка чоловіча Fly 23216С";"2025-02-20 12:31:09";1;1
49234;"Футболка чоловіча Fly 23216С";"2025-02-20 12:31:09";1;3
49234;"Футболка чоловіча Fly 23216С";"2025-02-20 12:31:09";1;3
49234;"Футболка чоловіча Fly 23216С";"2025-02-20 12:31:09";1;5
49234;"Футболка чоловіча Fly 23216С";"2025-02-20 12:31:09";1;0
49234;"Футболка чоловіча Fly 23216С";"2025-02-20 12:31:09";1;0
49234;"Футболка чоловіча Fly 23216С";"2025-02-20 12:31:09";1;2
49234;"Футболка чоловіча Fly 23216С";"2025-02-20 12:31:09";1;0
46116;"Футболка чоловіча Fly 24223С ";"2024-04-26 15:15:05";0;0
46116;"Футболка чоловіча Fly 24223С ";"2024-04-26 15:15:05";0;0
46116;"Футболка чоловіча Fly 24223С ";"2024-04-26 15:15:05";0;0
46116;"Футболка чоловіча Fly 24223С ";"2024-04-26 15:15:05";0;0
46116;"Футболка чоловіча Fly 24223С ";"2024-04-26 15:15:05";0;3
46116;"Футболка чоловіча Fly 24223С ";"2024-04-26 15:15:05";0;0
46116;"Футболка чоловіча Fly 24223С ";"2024-04-26 15:15:05";0;0
46116;"Футболка чоловіча Fly 24223С ";"2024-04-26 15:15:05";0;0
46116;"Футболка чоловіча Fly 24223С ";"2024-04-26 15:15:05";0;1
46116;"Футболка чоловіча Fly 24223С ";"2024-04-26 15:15:05";0;0
49235;"Футболка чоловіча Fly 24223С";"2025-02-20 12:31:09";1;3
49235;"Футболка чоловіча Fly 24223С";"2025-02-20 12:31:09";1;2
49235;"Футболка чоловіча Fly 24223С";"2025-02-20 12:31:09";1;6
49235;"Футболка чоловіча Fly 24223С";"2025-02-20 12:31:09";1;3
49235;"Футболка чоловіча Fly 24223С";"2025-02-20 12:31:09";1;5
49235;"Футболка чоловіча Fly 24223С";"2025-02-20 12:31:09";1;1
49235;"Футболка чоловіча Fly 24223С";"2025-02-20 12:31:09";1;8
49235;"Футболка чоловіча Fly 24223С";"2025-02-20 12:31:09";1;1
49235;"Футболка чоловіча Fly 24223С";"2025-02-20 12:31:09";1;12
49235;"Футболка чоловіча Fly 24223С";"2025-02-20 12:31:09";1;0
49235;"Футболка чоловіча Fly 24223С";"2025-02-20 12:31:09";1;5
49235;"Футболка чоловіча Fly 24223С";"2025-02-20 12:31:09";1;0
49235;"Футболка чоловіча Fly 24223С";"2025-02-20 12:31:09";1;7
49235;"Футболка чоловіча Fly 24223С";"2025-02-20 12:31:09";1;1
49235;"Футболка чоловіча Fly 24223С";"2025-02-20 12:31:09";1;4
49235;"Футболка чоловіча Fly 24223С";"2025-02-20 12:31:09";1;0
46055;"Футболка чоловіча Kappa 125937";"2024-04-17 16:06:58";0;0
46055;"Футболка чоловіча Kappa 125937";"2024-04-17 16:06:58";0;0
46055;"Футболка чоловіча Kappa 125937";"2024-04-17 16:06:58";0;0
46055;"Футболка чоловіча Kappa 125937";"2024-04-17 16:06:58";0;0
46055;"Футболка чоловіча Kappa 125937";"2024-04-17 16:06:58";0;0
46055;"Футболка чоловіча Kappa 125937";"2024-04-17 16:06:58";0;0
46055;"Футболка чоловіча Kappa 125937";"2024-04-17 16:06:58";0;0
46055;"Футболка чоловіча Kappa 125937";"2024-04-17 16:06:58";0;0
49219;"Футболка чоловіча KAPPA 125937";"2025-02-20 12:31:07";1;0
49219;"Футболка чоловіча KAPPA 125937";"2025-02-20 12:31:07";1;0
49219;"Футболка чоловіча KAPPA 125937";"2025-02-20 12:31:07";1;0
49219;"Футболка чоловіча KAPPA 125937";"2025-02-20 12:31:07";1;0
49219;"Футболка чоловіча KAPPA 125937";"2025-02-20 12:31:07";1;0
49219;"Футболка чоловіча KAPPA 125937";"2025-02-20 12:31:07";1;0
49219;"Футболка чоловіча KAPPA 125937";"2025-02-20 12:31:07";1;0
49219;"Футболка чоловіча KAPPA 125937";"2025-02-20 12:31:07";1;0
46634;"Футболка чоловіча New Balance Small Logo MT41509BK";"2024-06-11 12:53:25";0;0
46634;"Футболка чоловіча New Balance Small Logo MT41509BK";"2024-06-11 12:53:25";0;0
46634;"Футболка чоловіча New Balance Small Logo MT41509BK";"2024-06-11 12:53:25";0;0
46634;"Футболка чоловіча New Balance Small Logo MT41509BK";"2024-06-11 12:53:25";0;0
46634;"Футболка чоловіча New Balance Small Logo MT41509BK";"2024-06-11 12:53:25";0;0
48944;"Футболка чоловіча New Balance Small Logo MT41509BK";"2025-01-28 11:59:06";0;0
48944;"Футболка чоловіча New Balance Small Logo MT41509BK";"2025-01-28 11:59:06";0;0
48944;"Футболка чоловіча New Balance Small Logo MT41509BK";"2025-01-28 11:59:06";0;0
48944;"Футболка чоловіча New Balance Small Logo MT41509BK";"2025-01-28 11:59:06";0;0
48944;"Футболка чоловіча New Balance Small Logo MT41509BK";"2025-01-28 11:59:06";0;0
50908;"Футболка чоловіча New Balance Small Logo MT41509BK";"2025-07-24 15:18:26";1;0
50908;"Футболка чоловіча New Balance Small Logo MT41509BK";"2025-07-24 15:18:26";1;0
50908;"Футболка чоловіча New Balance Small Logo MT41509BK";"2025-07-24 15:18:26";1;0
50908;"Футболка чоловіча New Balance Small Logo MT41509BK";"2025-07-24 15:18:26";1;0
50908;"Футболка чоловіча New Balance Small Logo MT41509BK";"2025-07-24 15:18:26";1;0
46631;"Футболка чоловіча New Balance Stacked Logo MT41502BK";"2024-06-11 12:53:24";0;0
46631;"Футболка чоловіча New Balance Stacked Logo MT41502BK";"2024-06-11 12:53:24";0;0
46631;"Футболка чоловіча New Balance Stacked Logo MT41502BK";"2024-06-11 12:53:24";0;0
46631;"Футболка чоловіча New Balance Stacked Logo MT41502BK";"2024-06-11 12:53:24";0;0
46631;"Футболка чоловіча New Balance Stacked Logo MT41502BK";"2024-06-11 12:53:24";0;0
48942;"Футболка чоловіча New Balance Stacked Logo MT41502BK";"2025-01-28 11:59:06";1;0
48942;"Футболка чоловіча New Balance Stacked Logo MT41502BK";"2025-01-28 11:59:06";1;0
48942;"Футболка чоловіча New Balance Stacked Logo MT41502BK";"2025-01-28 11:59:06";1;0
48942;"Футболка чоловіча New Balance Stacked Logo MT41502BK";"2025-01-28 11:59:06";1;0
48942;"Футболка чоловіча New Balance Stacked Logo MT41502BK";"2025-01-28 11:59:06";1;0
48921;"Футболка чоловіча Puma Ess Tape Tee 68467401";"2025-01-23 14:50:03";0;0
48921;"Футболка чоловіча Puma Ess Tape Tee 68467401";"2025-01-23 14:50:03";0;0
48921;"Футболка чоловіча Puma Ess Tape Tee 68467401";"2025-01-23 14:50:03";0;0
48921;"Футболка чоловіча Puma Ess Tape Tee 68467401";"2025-01-23 14:50:03";0;0
48921;"Футболка чоловіча Puma Ess Tape Tee 68467401";"2025-01-23 14:50:03";0;0
50728;"Футболка чоловіча PUMA ESS TAPE Tee 68467401 ";"2025-07-24 15:06:59";1;0
50728;"Футболка чоловіча PUMA ESS TAPE Tee 68467401 ";"2025-07-24 15:06:59";1;0
50728;"Футболка чоловіча PUMA ESS TAPE Tee 68467401 ";"2025-07-24 15:06:59";1;0
50728;"Футболка чоловіча PUMA ESS TAPE Tee 68467401 ";"2025-07-24 15:06:59";1;0
50728;"Футболка чоловіча PUMA ESS TAPE Tee 68467401 ";"2025-07-24 15:06:59";1;2
53587;"Худі жіноче ADIDAS Z.N.E. Full-Zip JE7849";"2025-10-24 11:27:00";0;0
53587;"Худі жіноче ADIDAS Z.N.E. Full-Zip JE7849";"2025-10-24 11:27:00";0;2
53587;"Худі жіноче ADIDAS Z.N.E. Full-Zip JE7849";"2025-10-24 11:27:00";0;0
53587;"Худі жіноче ADIDAS Z.N.E. Full-Zip JE7849";"2025-10-24 11:27:00";0;0
54335;"Худі жіноче adidas Z.N.E. Full-Zip JE7849";"2026-01-16 11:15:35";1;0
54335;"Худі жіноче adidas Z.N.E. Full-Zip JE7849";"2026-01-16 11:15:35";1;1
54335;"Худі жіноче adidas Z.N.E. Full-Zip JE7849";"2026-01-16 11:15:35";1;0
54335;"Худі жіноче adidas Z.N.E. Full-Zip JE7849";"2026-01-16 11:15:35";1;0
54335;"Худі жіноче adidas Z.N.E. Full-Zip JE7849";"2026-01-16 11:15:35";1;0
48975;"Худі чоловіче New Balance Stacked Logo MJ41501BK";"2025-02-07 12:12:57";0;0
48975;"Худі чоловіче New Balance Stacked Logo MJ41501BK";"2025-02-07 12:12:57";0;0
48975;"Худі чоловіче New Balance Stacked Logo MJ41501BK";"2025-02-07 12:12:57";0;0
48975;"Худі чоловіче New Balance Stacked Logo MJ41501BK";"2025-02-07 12:12:57";0;0
48975;"Худі чоловіче New Balance Stacked Logo MJ41501BK";"2025-02-07 12:12:57";0;0
54281;"Худі чоловіче New Balance Stacked Logo MJ41501BK";"2026-01-13 14:49:37";1;5
54281;"Худі чоловіче New Balance Stacked Logo MJ41501BK";"2026-01-13 14:49:37";1;4
54281;"Худі чоловіче New Balance Stacked Logo MJ41501BK";"2026-01-13 14:49:37";1;2
54281;"Худі чоловіче New Balance Stacked Logo MJ41501BK";"2026-01-13 14:49:37";1;1
54281;"Худі чоловіче New Balance Stacked Logo MJ41501BK";"2026-01-13 14:49:37";1;2
46073;"Черевики 310854C30 Zephyr MK2 MID Lowa";"2024-04-17 17:25:46";0;0
46074;"Черевики 310854C30 Zephyr MK2 MID Lowa";"2024-04-17 17:25:46";1;0
46074;"Черевики 310854C30 Zephyr MK2 MID Lowa";"2024-04-17 17:25:46";1;0
46074;"Черевики 310854C30 Zephyr MK2 MID Lowa";"2024-04-17 17:25:46";1;0
53717;"Чоботи утеплені жіночі Columbia Minx™ Shorty IV 2079181";"2025-11-11 14:21:44";0;1
53717;"Чоботи утеплені жіночі Columbia Minx™ Shorty IV 2079181";"2025-11-11 14:21:44";0;1
53717;"Чоботи утеплені жіночі Columbia Minx™ Shorty IV 2079181";"2025-11-11 14:21:44";0;1
53717;"Чоботи утеплені жіночі Columbia Minx™ Shorty IV 2079181";"2025-11-11 14:21:44";0;0
53717;"Чоботи утеплені жіночі Columbia Minx™ Shorty IV 2079181";"2025-11-11 14:21:44";0;0
53717;"Чоботи утеплені жіночі Columbia Minx™ Shorty IV 2079181";"2025-11-11 14:21:44";0;0
53717;"Чоботи утеплені жіночі Columbia Minx™ Shorty IV 2079181";"2025-11-11 14:21:44";0;0
53717;"Чоботи утеплені жіночі Columbia Minx™ Shorty IV 2079181";"2025-11-11 14:21:44";0;1
53717;"Чоботи утеплені жіночі Columbia Minx™ Shorty IV 2079181";"2025-11-11 14:21:44";0;0
54217;"Чоботи утеплені жіночі Columbia Minx™ Shorty IV 2079181";"2026-01-05 18:04:38";1;4
54217;"Чоботи утеплені жіночі Columbia Minx™ Shorty IV 2079181";"2026-01-05 18:04:38";1;2
54217;"Чоботи утеплені жіночі Columbia Minx™ Shorty IV 2079181";"2026-01-05 18:04:38";1;2
54217;"Чоботи утеплені жіночі Columbia Minx™ Shorty IV 2079181";"2026-01-05 18:04:38";1;4
54217;"Чоботи утеплені жіночі Columbia Minx™ Shorty IV 2079181";"2026-01-05 18:04:38";1;1
54217;"Чоботи утеплені жіночі Columbia Minx™ Shorty IV 2079181";"2026-01-05 18:04:38";1;0
53921;"Чоловіча парка Сolumbia Landroamer™ II  2088041";"2025-12-04 10:38:47";0;3
53921;"Чоловіча парка Сolumbia Landroamer™ II  2088041";"2025-12-04 10:38:47";0;2
53921;"Чоловіча парка Сolumbia Landroamer™ II  2088041";"2025-12-04 10:38:47";0;2
53921;"Чоловіча парка Сolumbia Landroamer™ II  2088041";"2025-12-04 10:38:47";0;2
54210;"Чоловіча парка Сolumbia Landroamer™ II  2088041";"2026-01-05 18:03:38";1;10
54210;"Чоловіча парка Сolumbia Landroamer™ II  2088041";"2026-01-05 18:03:38";1;4
54210;"Чоловіча парка Сolumbia Landroamer™ II  2088041";"2026-01-05 18:03:38";1;7
54210;"Чоловіча парка Сolumbia Landroamer™ II  2088041";"2026-01-05 18:03:38";1;10
43604;"Шапка Columbia Whirlibird™ Cuffed Beanie 1911321";"2023-10-30 14:11:02";0;3
53262;"Шапка Columbia Whirlibird™ Cuffed Beanie 1911321";"2025-10-03 15:16:25";0;1
53262;"Шапка Columbia Whirlibird™ Cuffed Beanie 1911321";"2025-10-03 15:16:25";0;0
54653;"Шапка Columbia Whirlibird™ Cuffed Beanie 1911321";"2026-02-10 13:02:18";1;20
54653;"Шапка Columbia Whirlibird™ Cuffed Beanie 1911321";"2026-02-10 13:02:18";1;30
54653;"Шапка Columbia Whirlibird™ Cuffed Beanie 1911321";"2026-02-10 13:02:18";1;14
48180;"Шапка New Balance Troy  H7763";"2024-10-31 10:38:32";0;0
53747;"Шапка New Balance Troy  H7763";"2025-11-18 12:33:50";1;39
39242;"Шапка New Balance Troy H7768";"2022-12-08 14:45:41";0;0
43827;"Шапка New Balance Troy H7768";"2023-11-10 14:22:26";0;0
48182;"Шапка New Balance Troy H7768";"2024-10-31 10:38:32";0;1
50926;"Шапка New Balance Troy H7768";"2025-07-24 15:18:47";1;2
47317;"Шкарпетки трекінгові з мериноса Lasting WLS";"2024-08-20 14:31:16";0;2
47317;"Шкарпетки трекінгові з мериноса Lasting WLS";"2024-08-20 14:31:16";0;0
47317;"Шкарпетки трекінгові з мериноса Lasting WLS";"2024-08-20 14:31:16";0;3
47317;"Шкарпетки трекінгові з мериноса Lasting WLS";"2024-08-20 14:31:16";0;2
52962;"Шкарпетки трекінгові з мериноса Lasting WLS";"2025-09-01 18:02:13";1;2
52962;"Шкарпетки трекінгові з мериноса Lasting WLS";"2025-09-01 18:02:13";1;7
46693;"Шорти жіночі New Balance Small Logo WS41500AHH";"2024-06-11 12:53:47";0;2
46693;"Шорти жіночі New Balance Small Logo WS41500AHH";"2024-06-11 12:53:47";0;0
46693;"Шорти жіночі New Balance Small Logo WS41500AHH";"2024-06-11 12:53:47";0;0
46693;"Шорти жіночі New Balance Small Logo WS41500AHH";"2024-06-11 12:53:47";0;2
48979;"Шорти жіночі New Balance Small Logo WS41500AHH";"2025-02-07 12:12:57";1;2
48979;"Шорти жіночі New Balance Small Logo WS41500AHH";"2025-02-07 12:12:57";1;1
48979;"Шорти жіночі New Balance Small Logo WS41500AHH";"2025-02-07 12:12:57";1;1
48979;"Шорти жіночі New Balance Small Logo WS41500AHH";"2025-02-07 12:12:57";1;0
48979;"Шорти жіночі New Balance Small Logo WS41500AHH";"2025-02-07 12:12:57";1;0
46460;"Шорти чоловічі FILA 125582";"2024-06-10 14:19:50";0;2
46460;"Шорти чоловічі FILA 125582";"2024-06-10 14:19:50";0;2
46460;"Шорти чоловічі FILA 125582";"2024-06-10 14:19:50";0;0
50130;"Шорти чоловічі FILA 125582";"2025-05-19 15:02:50";1;4
50130;"Шорти чоловічі FILA 125582";"2025-05-19 15:02:50";1;4
50130;"Шорти чоловічі FILA 125582";"2025-05-19 15:02:50";1;5
46461;"Шорти чоловічі FILA 125583";"2024-06-10 14:19:51";0;4
46461;"Шорти чоловічі FILA 125583";"2024-06-10 14:19:51";0;1
46461;"Шорти чоловічі FILA 125583";"2024-06-10 14:19:51";0;2
50417;"Шорти чоловічі FILA 125583";"2025-06-30 13:26:34";1;3
50417;"Шорти чоловічі FILA 125583";"2025-06-30 13:26:34";1;4
50417;"Шорти чоловічі FILA 125583";"2025-06-30 13:26:34";1;1
47547;"Штани чоловічі Columbia Beaumount™ Jogger 2126401";"2024-09-04 13:47:35";0;0
47547;"Штани чоловічі Columbia Beaumount™ Jogger 2126401";"2024-09-04 13:47:35";0;0
47547;"Штани чоловічі Columbia Beaumount™ Jogger 2126401";"2024-09-04 13:47:35";0;0
47547;"Штани чоловічі Columbia Beaumount™ Jogger 2126401";"2024-09-04 13:47:35";0;0
47547;"Штани чоловічі Columbia Beaumount™ Jogger 2126401";"2024-09-04 13:47:35";0;3
47547;"Штани чоловічі Columbia Beaumount™ Jogger 2126401";"2024-09-04 13:47:35";0;1
47547;"Штани чоловічі Columbia Beaumount™ Jogger 2126401";"2024-09-04 13:47:35";0;1
47547;"Штани чоловічі Columbia Beaumount™ Jogger 2126401";"2024-09-04 13:47:35";0;0
47547;"Штани чоловічі Columbia Beaumount™ Jogger 2126401";"2024-09-04 13:47:35";0;3
47547;"Штани чоловічі Columbia Beaumount™ Jogger 2126401";"2024-09-04 13:47:35";0;1
49291;"Штани чоловічі Columbia Beaumount™ Jogger 2126401";"2025-02-28 12:31:47";0;5
49291;"Штани чоловічі Columbia Beaumount™ Jogger 2126401";"2025-02-28 12:31:47";0;0
49291;"Штани чоловічі Columbia Beaumount™ Jogger 2126401";"2025-02-28 12:31:47";0;3
49291;"Штани чоловічі Columbia Beaumount™ Jogger 2126401";"2025-02-28 12:31:47";0;2
49291;"Штани чоловічі Columbia Beaumount™ Jogger 2126401";"2025-02-28 12:31:47";0;2
49291;"Штани чоловічі Columbia Beaumount™ Jogger 2126401";"2025-02-28 12:31:47";0;3
49291;"Штани чоловічі Columbia Beaumount™ Jogger 2126401";"2025-02-28 12:31:47";0;7
49291;"Штани чоловічі Columbia Beaumount™ Jogger 2126401";"2025-02-28 12:31:47";0;3
49291;"Штани чоловічі Columbia Beaumount™ Jogger 2126401";"2025-02-28 12:31:47";0;1
49291;"Штани чоловічі Columbia Beaumount™ Jogger 2126401";"2025-02-28 12:31:47";0;0
53912;"Штани чоловічі Columbia Beaumount™ Jogger 2126401";"2025-12-04 10:36:22";0;8
53912;"Штани чоловічі Columbia Beaumount™ Jogger 2126401";"2025-12-04 10:36:22";0;10
53912;"Штани чоловічі Columbia Beaumount™ Jogger 2126401";"2025-12-04 10:36:22";0;2
53912;"Штани чоловічі Columbia Beaumount™ Jogger 2126401";"2025-12-04 10:36:22";0;15
53912;"Штани чоловічі Columbia Beaumount™ Jogger 2126401";"2025-12-04 10:36:22";0;10
54200;"Штани чоловічі Columbia Beaumount™ Jogger 2126401";"2026-01-05 18:01:05";1;9
54200;"Штани чоловічі Columbia Beaumount™ Jogger 2126401";"2026-01-05 18:01:05";1;3
54200;"Штани чоловічі Columbia Beaumount™ Jogger 2126401";"2026-01-05 18:01:05";1;5
54200;"Штани чоловічі Columbia Beaumount™ Jogger 2126401";"2026-01-05 18:01:05";1;5
